GUYS WHY,,Ruby,Weiss,Blake,Yang,Jaune,Nora,Pyrrha,Ren,Coco,Fox,Velvet,Yatsuhashi,Cardin,Russel,Dove,Sky,Sun,Scarlet,Sage,Neptune,Penny,Ciel Soleil,Whitley,Oscar,Salem,Cinder,Mercury,Emerald,Neopolitan,Roman,Adam,Hazel,Tyrian,Dr Watts,Junior,Melanie,Miltiades,White Fang LT,Dr Merlot,Glynda,Ozpin,Port,Oobleck,Summer,Taiyang,Raven,Qrow,Ironwood,Winter,Jacques,Klein,Arslan,Bolin,Reese,Nadir,Brawnz,Roy,Nolan,May,Nebula,Dew,Gwen,Octavia,Flynt Coal,Neon Katt,Tukson,Lisa Lavender,Amber,Zwei,Shopkeeper,Kali,Ghira,Ilia ,An Ren,Li Ren,Henry Marigold,Corsac Albain,Fennec Albain
   ,,,,,,,,,,,,,,,,,,,,,,,,,,,,,,,,,,,,,,,,,,,,,,,,,,,,,,,,,,,,,,,,,,,,,,,,,,,,,,,
Ruby,,Bouquet,White Rose,Ladybug,Enabler,Lancaster,Sugar Rush,Milk and Cereal,Crimson Lotus,Cherry Cordial,Vulpes,Scarlet Rose,Sweetie Pie,Crimson Wings,Rosebush,Gilded Rose,Rosey Sky,Sunset,Scarlet Rose,Danshen,Red Tide,Nuts and Dolts,Stopwatch,Wild Rose,Rose Garden,Blood Magic,Falling Petals,Quicksilver,Gemstone,Strawberry Shortcake,Rosewick,Red Bull,Novice,Toxic Petals,Red Light,Pedobear,Version 2,Prototype,Pruning,Gamay,Hoodwitch,Simple Souls,Professor Poop,Cream & 5 Sugars,Bloody Roses,Daddy's Little Girl,Flying Petals,Harvest Moon,Redwoods,Frozen Rose,Royal Rose,Dopey,Simba,Crescent Rain,Speed Demons,Valentine's Day,Medals,Mustang,Mulberry,Happy Campers,Red Dwarf,Sailor's Warning,Metal Petals,Geek Out,Red Onion,Rainbow Rose,Speed Reading,AG Report,Imperial Topaz,Red Rocket,My Hero,Blackrose,Mowgli ,Chasing Rainbows,Water Rose,Tracer,Rosewater,Red Fox,Small Fox
Weiss,,White Rose,Mirror Image,Monochrome,Freezerburn,White Knight,Nordic Winter,North Pole,White Lotus,White Chocolate,Snow Dive,Dust Bunny,Mochi,Pride and Prejudice,Dust Bowl,White Bird,Overcast,Arctic Monkey,Light Red,Conifer,Iceberg,Refigerator,Time Freeze,Snowblind,Crop Dusting,Black Ice,White Ash,Daddy Shoes,Family Jewels,Weiss cream,From Dust Til Dawn,Albino Bull,Cold Exterior,Icy Smile,Tesla,Polar Bear,What once was,Chisle,Ice Sculpting,Chenin Blanc,White Witch,Frozen in Time,Fame and Fortune,Iced Coffee,Melting Ice,Ruby's Leader,Cold Exterior,Scotch on the Rocks,Snow Patrol,Special Snowflakes,Cut Off,Happy,Scar,Snowfall,Snowboarding,Stuck in Place,Schni,Ice Saw,Cold Shock,Useless Lesbians,Quasar,Frost,ICE Card,Sword of Fire and Ice,Cool Jazz,Snow Bright,Blank Page,Blizzard Watch,Cryotubes,Balto,Card Declined,Snow Leopard,Polar Bear,No Suns Allowed,Frost Flowers,Meinzo,Arctic Waters,White Fox,Exotic Pet
Blake,,Ladybug,Monochrome,Copy Cat,BumbleBY,Dark Knight,Thundercats,Purrha,Ninjas of Love,Dark Chocolate,Predators,Black Velvet,Catnip,Cat caught the Cardin,Poetry,Sufferin Succotash,Midnight,Black Sun,Maroon,Tea Leaves,Seakitties,Combat Kitty,Night Time,Selina ,Deadly Nightshade,Black Cat,Familiar,Kuros,Cat Burgler,Calico,Cat in the Hat,Tauradonna,Bearcat,Skin the Cat,Vet,Fur Coat,Starry Night,Cat Claws,Replacement,Zinfandel,Black Magic,Teacher's Pet,Whiskers,Green Tea,Summer Night,Yellow Jacket,Nevermore,Night Cap,Darkwood,Snow Leopard,Slave Labour,Bashful,Cat Scratch,Scratching Post,Skater Cat,Wallflower,Bronze Cat,Alphonse,The Dark Knight,Black Bullet,Blake Hole,Moist,Pride and Prejudice and Kitties,Shadowfire,Cool Cat,Nyan Cat,Book Club,Fluff Reporting ,Black Flame,Unrequited Love,Fishy Noodles,Kitty Litter,Kitten's Cream,Changing Colors,Black Lotus,Doing Nothing,Black Gold,Cat Fox,Night Fox
Yang,,Enabler,Freezerburn,BumbleBY,Disco Inferno,Dragon Slayer,Pink Lemonade,Greek Fire,Sunflowyr,Hot Chocolate,Blind Fury,Scarlet Fever,Fried Rice,Sucker Punch,Ursa Ursa,Fried Chicken,Dawn,Solarflare,Chili,Forest Fire,Combat Goggles,Blacksmith,It's Yang Time,Hot Ice,Summer Sun Harvest,Burning Witch,Wildfire,Disabler,Heat and Hallucinations,Baked Alaska,Roman Candle,Raging Bull,Too Hot,Eye for an Arm,Ion Bomb,Call me SIR,Kickboxing,Boxing,Chainsaw Smoker,Sunspot,Burn the Witch,Hot Coffee,Moustache Ride,Steaming Espresso,July,Twin Suns,Xiaodipus,Phoenix,Firepoker,Nuclear Winter,Global Warming,Grumpy,Iron Fists,Double Yellow,Hot Tricks,Down 'n' Out,Hot Cast,Saw It,Marquee Moose,Firearm,Crash Nebula,Petrichor,Hot Streak,Controlled Blaze,Clubmix,Nyang Cat,Burning Books,Breaking News,Bottled Rage,Hot Dog,Spicy Noodles,Tabby Cat,Smokey Bear,Hot Colors,Hot Lotus,Doomfist,Scald,Burned Foxy,Nightmare Foxy
Jaune,,Lancaster,White Knight,Dark Knight,Dragon Slayer,Blonde Ambition,Nora's Arc,Arkos,Lie and Cheat,French Roast,Zatoichi,Scarlet Knight,Silk Road,Heresy ,Big Ursa,Soul Defender,Free Falling,Day and Knight,Seasick,Fennel,Noah's Arc,Circuit Breaker,Straight Outta Time,Corporate Fraud,Farmer'sLove,At the Stake,Arc Furnace,Melted Metal,Topaz,Silent Knight,Smooth Criminal,Matador,Hazelnuts,Burning the World,Electric Angel,Honey,Foot Soldier,Curved Claws,Cutting Close,Electrolysis,Transcripts,Wasted Energy,A Gentleman's Wager,Extra credit,Momma's Boy,Lost Lovers,Knight Flight,Jaundice,Tin Armor,Winter Knight,Weiss's Nightmare,Sneezy,Lionheart,Stick in the Mud,Skater Boi,Team Bad Luck,Third Place,Spun Out,Electric Shock,Berthier,Yellow Giant,Dewdrop,Seven Swords,Bladed Brethren,All That Jazz,Rainbow Arc,Comic Club,Sob Story,Heartache,Underdog,Customer Service,Faune Arc,Mowgli,Fifty Shades of Yellow,Narcissus,Reinhart,New Gold,Faithful Companion,Runt of the Litter
Nora,,Sugar Rush,Nordic Winter,Thundercats,Pink Lemonade,Nora's Arc,SMASHING,Electromagnetism,ReNora,Loco,Jolteon,Energizer Bunny,Uchide no kozuchi,Break his Legs,Amy Rose,Hugin,Tyr,Heavenly Warriors,Boopty,Spiced Static,Aegir,Gingersnaps,Hammer Time!,Loki,Compost King,Ragnarok,Explosive,Silver Hammer,Lightning Thief,Ice Cream Pancakes,Candy Cane,Rodeo,Koalah,Shock Therapy,1.21 Gigawatts,Ursinine,Electric Slide,Electric Avenue,Massacre,Frankenstein,Of Might and Magic,Butterscotch,Spitting Maul,Hyperactive,Thorsday,Hopeless Romantics,Raven Song,Hammered,Lightning Rod,Nords,Ymir,Sleepy,Frejya,Coming Home,Ride the Lightning,Lightning in the Black,In Full Swing,Saw off the Legs,Charge Up,Railgun,Bifrost,Twister,Aim for the Heart,Raging Fire,Thunderstruck,Valkyries,Skald,Storm Warning,Amber Syrup,Fenrir,Banned from Buffet,Cat Video,Jaga,Rainbows and Pancakes,There goes the Village,Savior Complex,Rheingold,Cute Ears,Cute Tail
Pyrrha,,Milk and Cereal,North Pole,Purrha,Greek Fire,Arkos,Electromagnetism,Hallelujah,Lotus Eaters,Cappuccino,Spartan Fox,Victory Rabbit,Swords and Spears,Poor Sap,Bird on the Spear,Eirene,Polydamas,Nikong,Better Red Than Dead,Gyro Seasoning,High Tide,PvP,The Place You Rest,Magnets are cool too,Buried Deep,Pawn Promotion,Achilles' Heels,Pole Dancing,Emerald Eyes,Cherry Jubilee,300,Minotaur,Callisto ,Orion,EMP,Red Panda,Nikee,Marathon,Super Soldier,Invincible,Extracurriclar Activities,Star Student,Naval Army,Victory Rush,Greek Summer,Autumn Sunset,Fallen Grace,Ambrosia,Magnitiude,Fatal Attraction,Power Couple,Twisted Ankle,Nemean,Golden Power,X-Games,Blind Spot,Brawnz on Bronze,Dark Horse,Power Lines,Gauss,Constellation,Double Spear,Perfect Aim,Burning Pyre,Raspberry Beret,Battle Cat,Scripture,Ceral Commercial,Last Resort,War Dog,Good Samaritan,Pyrrfect,Furrocious,Trojan Lizard,Kindred Spirits,Line of Duty,Died for Nothing,Listen To Your Heart,Tail End of Life
Ren,,Crimson Lotus,White Lotus,Ninjas of Love,Sunflowyr,Lie and Cheat,ReNora,Lotus Eaters,Twin Dragons,Green Tea Latte,Toph,Moon Rabbit,Zen Master,Shogi,Bassian,Jiu,Tian,Lie and Steal,Ching Shih,Star Anise,Water Lillies,Cyber Dragon,Zen Time,Lotus Cold Cream,Lotus Garden,The Seven Suns,Kasai on'na,Tiptoe through Tulips,Green Blossom,Shaved Ice,Ramen,Bull in a China Shop,Panda,Lily of the Valley,Calm and Cunning,Qinling,Lotus Kick,Kung Fu,Feng Shui,In Balance,Fairy Tale,Grand Lotus,Huangjiu,Flower Tea,Warm Forest,Photosynthesis,Lueduo,Paper Cranes,Steel Samurai,Dongzhi Festival,Prince and Pauper,Calm Down,Mulan,Rain Flower,Dragon Board,Kuroyuri,All That Glitters,Shuriken,Grudge Match,Near and Far,Father's Bow,Inner Peace,Iron Sharpen Iron,Fire Flower,Kung Fu Fighting,Tokio Funka,Book Club,Cooking Channel,Airbender,Foo Dog,Kung Pow Chicken,Chinese Food,Tea Totallers,Chamelren,Mother Knows Best,Live Up To The Name,Renry,Year of the Fox,Huli Jing
Coco,,Cherry Cordial,White Chocolate,Dark Chocolate,Hot Chocolate,French Roast,Loco,Cappuccino,Green Tea Latte,Chanel,Shades and Blades,Crosshares,Kit-Kat Tea,Cooler Than You,Supersonic,Chockatoo,Sky Bar,Chocolate Banana,Fashion Statement,Nutmeg,Watered Down,Cocomotive,Coffee Time,Milk Chocolate,Coffee Beans,Witch's Brew,Fashionistas,Poisioned Chocolate,Mint Chocolate,Chocolate Sundae,Ferrero Rocher,Chocolate Milk,Cokoalah,Cuckoo for Coco,Fully Automatic,Chocolate Bear,Hell in Heels,Fashion Ties,Groin Shot,Artifical Fashion,Rebel without a Cause,Decaf,Old Navy,Double Espresso,Citrus Berry Passion,Coco Pops,Birds and Beans,Irish Coffee,Cocobolo,Frappuccino,Fashion Line,Hot Drink Service,Inner Strength,,Reese's Puffs,,,,Fashion Disaster,Wardrobe,Milky Way,Swiss Water,Femme Fatales,Reheated,Speakeasy,Tie Dye,Maxim,Coffee Break,Twix,Fashion Animal,Favourite Customer,,,,,Bastion,Designer Style,,
Fox,,Vulpes,Snow Dive,Predators,Blind Fury,Zatoichi,Jolteon,Spartan Fox,Toph,Shades and Blades,Skulk,Zootopia,Keeping It Simple,Blind Faith,Fussy,Golden Fox,Cloudy Skies,Blinded by the Light,Eyepatch,Sriracha,FoxSea,Electric Eye,Look at the Time,Revontulet,Hen House,The Pale Fox,Firefox,Disabled,Kitsune,Orange Sorbert,Fantastic Mr Fox,One Hit KO,Red Panda,Scarred,Escaped Experiment,Jaegerbomb,Opening Kicks,Scratch Marks,Animal Instincts,Wounds of the Past,Braille Teacher,Scarred Student,Big Game Hunting,Quick Brown Fox,Ghost Fox,Betrayed Past,Blind Ambition,Fox River,Grey Fox,Arctic Fox,Blind Profit,The Lorax,Jeremy Irons,,,,,,,,Star Fox,,Multistrike,,What does the Fox Say,Cats and Dogs,Audiobook,Fox News,,Fox and the Hound,Fur Trading,,,,,,The Fox and The Idiot,Double Fox,Tall Neck Tie
Velvet,,Scarlet Rose,Dust Bunny,Black Velvet,Scarlet Fever,Scarlet Knight,Energizer Bunny,Victory Rabbit,Moon Rabbit,Crosshares,Zootopia,Multiplication,Cinnabun,Bullying,Cream the Rabbit,Cinnabuns,Flying Buns,Shutterbun,Watership Down,Clove,Seabunny,Full Metal Alchemist,White Rabbit,Wolpertinger,Carrot Field,Magic Rabbit,Burnt Cloth,Here's the Kicker,Jade Rabbit,Icecream Cake,Hat Trick,Horned Hare,Cute and Cuddley,March Hare,AC-DC,Club Hopping,Copied Chorography,Bunny Claws,Rabbit Season,Photographic Memory,Whipped Scarlet,Grey Hares,Peter Cottontail,Energizer,Family Photos,Warren Elder,Portal Jumpers,Fizzy Bunny,Buns of Steel,Snow Bunny,All Flash,Woodlanders,,,Demo Tape,,,,,Gunbunny,Lepus,,Photgwenic,Flash Photography,Jive Bunny,Rainbow Rabbit,Velveteen Rabbit,Screen Shot,Caramel Bunny,Predator and Prey,Off the Menu,,,Technicolor,,,,Fox and the Hare,
Yatsuhashi,,Sweetie Pie,Mochi,Catnip,Fried Rice,Silk Road,Uchide no kozuchi,Swords and Spears,Zen Master,Kit-Kat Tea,Keeping It Simple,Cinnabun,Too Sweet,Punisher,What a Thrush,Peaceful Protector,Falling Sky,Sunrise Land,Wokou,Sword Bros,Jiuzhaigou,Iron Giant,Big Ben,Ice Capped Mountain,Rice Plantation,Oni,Fried Sweet,Footsword,Green Beans,Sprinkles,Ronin,Bulldozer,DA BIG GUYS,Yokai,,Big Boys,Getas,TEKKO-KAGI,Masturbation,Kajiu,Nimble Giant,Great Protector,Hard Hitters,Knuckles,Suzaku,,Protector of our People,Soju,Hulkbuster,Mount Everest,Paid Security,Heiress Helper,,,,,,,,,Koto,Mountain Dew,Double Armor,Eruption,Guqin,Nekote,Act of War,Eastern Correspondence,,,Sumo Size,,,,,,,,
Cardin,,Crimson Wings,Pride and Prejudice,Cat caught the Cardin,Sucker Punch,Heresy ,Break his Legs,Poor Sap,Shogi,Cooler Than You,Blind Faith,Bullying,Punisher,Douche Patrol,Jocks,Team Kill,Preppy,Do no Evil,,Saffron,Internet Explorer,Iron Clad,,,Squire,Witch Trials,Pyrolarty,,,Headaches and Torment,,Gaston,,,,Banned from the Bar,,,,,Disciplinary Action,Detentionare, ,Tin Can,,,,Pick Your Poison,Peer Pressure,Kardinal,,,Pride and Prejudice,,,,,,,,,,,,Stanley,Ate the Cardinal,,Spotlight on Bullying,,Chewtoy,Banned Customer,,,,,,,,
Russel,,Rosebush,Dust Bowl,Poetry,Ursa Ursa,Big Ursa,Amy Rose,Bird on the Spear,Bassian,Supersonic,Fussy,Cream the Rabbit,What a Thrush,Jocks,Tumble,Nest,Arcus,Say no Evil,,Bay Leaf,,,,,,,Burning Bush,,,,,,,,,,,,,,,Public Service,,,,,,,Russled Jimmies,Drossel,,,,,,,,,,,,,,,Simmons,,,,,,,,,,,,,,
Dove,,Gilded Rose,White Bird,Sufferin Succotash,Fried Chicken,Soul Defender,Hugin,Eirene,Jiu,Chockatoo,Golden Fox,Cinnabuns,Peaceful Protector,Team Kill,Nest,The 2nd Day,Soaring,See no Evil,,Chives,,,,,,,Hawk,,,Caramel,,,,,,,,,,,,Duster Clapper,,,,,,,War and Peace,Taube,,,,,,,,,,,Columba,,,,Singer,,,,,Bird Dog,,,,,,,,,
Sky,,Rosey Sky,Overcast,Midnight,Dawn,Free Falling,Tyr,Polydamas,Tian,Sky Bar,Cloudy Skies,Flying Buns,Falling Sky,Preppy,Arcus,Soaring,Sky High,Hear no Evil,,,,Skynet,,,,,SkyFall,,,Silence,,,,,Lightning,,,,,,,Gets the Cane,,,Summer Sky,,,,Air Support,Himmel,,,,,Skater's Peace,,,,,,,,,,Spirit in the Sky,,,,,Duckhunt,,,,,,,,,
Sun,,Sunset,Arctic Monkey,Black Sun,Solarflare,Day and Knight,Heavenly Warriors,Nikong,Lie and Steal,Chocolate Banana,Blinded by the Light,Shutterbun,Sunrise Land,Do no Evil,Say no Evil,See no Evil,Hear no Evil,Suncest,Red Sun,Rosemary,Sea Monkeys,Optimus Primate,Double Sun,,Perfect Weather,Flying Monkey,Supernova,88 Days,Thieves' Company,Banana Split,Monkey Business,The Sun Also Rises,,Monkey Madness,,Sun Bears,,,,,Detention,Silver and Gold,Stowaway,Asian Latte,Summer Sun,Dual Sun,Icarus,Drunken Monkey,Monkey Wrench,Song of Sun and Ice,,7 Dwarven Transformations,,,,,Brass Monkey,,,,Starbirth,Spring Morning,Monkey Dance,,Walking on Sunshine,Rainbow Monkeys,,Sunny Forecast,,Animal Attraction,Customer Security,Sunny Kalifornia,,,,Winston,,,
Scarlet,,Sailor's Delight,Light Red,Maroon,Chili,Seasick,Boopty,Better Red Than Dead,Ching Shih,Fashion Statement,Eyepatch,Watership Down,Wokou,,,,,Red Sun,Bloody Mess,Cherry Tree,Gossip,Pirate Bay,Ships Clock,,Waitrose,Scarlet Witch,Crimson,Pegleg,Ropes and Chains,Cherry Vanilla,Blood Orange,Scarlet Bull,,Scurvy,Great British Bake Off,Red Rum,,,,,Tinkerbell,Long John Silver,Blackstache,Red Bean,,,,Calico Jack,Mutiny,It's a Pirate's life for Schnee,,,,,,,,,,Red Dot,Space Pirates,Windy Sails,Pirate Ballerina,Scarlet Flame,You are a Pirate,LSD,,Pirated Broadcast,,Bloody Bark,Grape Sale,,,,,,,,
Sage,,Danshen,Conifer,Tea Leaves,Forest Fire,Fennel,Spiced Static,Gyro Seasoning,Star Anise,Nutmeg,Sriracha,Clove,Sword Bros,Saffron,Bay Leaf,Chives,,Rosemary,Cherry Tree,Parsnip,Seaweed,Spice,Thyme,,Green Thumb,,Paprika,Pepper,Seasoned Thief,Lime Sherbert,Ginger,Annatto,,Crazy Hermit,,Spiced Rum,Salt,Curry Powder,,,Lavender,Elderflower,Old Tales,Spiced Coffee,,,,Hookah Bar,Mastic,Ice Spice,,,Masala Chai,,Skatesword,,,,,,Sumac,Blown Away,Knife Rack,Incense,,Kattnip,,,,Zweihandr,My Cabbages,,,,,,,,
Neptune,,Red Tide,Iceberg,Seakitties,Combat Goggles,Noah's Arc,Aegir,High Tide,Water Lillies,Watered Down,FoxSea,Seabunny,Jiuzhaigou,Internet Explorer,,,,Sea Monkeys,Gossip,Seaweed,FLooding,Sync or Swim,Waterclock,Ice Water,Watering Can,Sea Witch,Laguna Colorada,Silver Surfer,Pearls of Love,Sea Salt Ice Cream,Acheron,Minos,,Poison The Waterhole,,Pruinosus,,,,,Seabiscuit,Old Man and the Sea,Leviathan,Wave Runner,Beach Day,,Albatross,Seagulls,Driftwood,Frozen Ocean,,,,,,,,,,Super Soaker,Ocean Planet,Water Sprout,Water Ballet,Ember Island,Kind of Blue,Gotta Go Fast,Dead Sea,Flood Warning,,Sea Dog,Roadside Affair,Kalimari,,,,,(Almost) Mirror Images,,
Penny,,Nuts and Dolts,Refigerator,Combat Kitty,Blacksmith,Circuit Breaker,Gingersnaps,PvP,Cyber Dragon,Cocomotive,Electric Eye,Full Metal Alchemist,Iron Giant,Iron Clad,,,Skynet,Optimus Primate,Pirate Bay,Spice,Sync or Swim,2 Cents,Digital Clock,Penny Hoarder,Render Farm,Cortana,Firewall,Handicapped,Stolen Tech,Cream Machine,Red Head Redemption,Mechanical Bull,Tilt,Death Metal,Electromechanical,Techno Music,String Cutter,,Battle Ready,Ultron,Technology is Magic,A Heart,USB Port,Javascript,My Daughter's Friend,Solar Powered,Robot Chicken,Sucking Pennies,Metalheads,Pfennig,Small Changed,No Strings on Me,Stringmakers,Watch my Backpack,Reese's Pieces,Fodder,Bronze Bot,Spinning Blades,Portable Charger,Sentry Turret,Space Probe,Wind Turbine,Cutting Loose,Overheated,Chiptune,Dubstep,Database,Digital Media,Among the Fallen,Bladewolf,Auto-Mechanic,,,,,Zenyatta,,,
Ciel Soleil,,Stopwatch,Time Freeze,Night Time,It's Yang Time,Straight Outta Time,Hammer Time!,The Place You Rest,Zen Time,Coffee Time,Look at the Time,White Rabbit,Big Ben,,,,,Double Sun,Ships Clock,Thyme,Waterclock,Digital Clock,Timekeeper,Time Is Money,Timely Harvest,Witching Hour,Chaos and Order,Killing Time,Stolen Time,Always On Time,Crime Time,Chaos Control,Stopped Clock,Poison Hour,Atomic Clock,Closing Hour,Out of Time,Pointed Hands,,Watching Every Move,Late for Class,Clockmaster,Tales as old as Time,Working Overtime,Summertime,Bonding Time,No Time To Spare,Happy Hour,Military Time,Global Freeze,Time Schedule,Always on the Clock,Punching the Clock,Blue World,Speedometer,Flower Hour,Clawing for Time,Saw the Time,Electric Watch,Clock Tower,Star Date,Tornado Season,Quarter Spin,Burning Time,Metronome,Party Time,Once upon a Time,Evening News,Golden Hour,Daily Walk,24/7,,,,,It's High Noon,,,
Whitley,,Wild Rose,Snowblind,Selina ,Hot Ice,Corporate Fraud,Loki,Magnets are cool too,Lotus Cold Cream,Milk Chocolate,Revontulet,Wolpertinger,Ice Capped Mountain,,,,,,,,Ice Water,Penny Hoarder,Time Is Money,Weaker Sibling,Rich Farmers,"One is Evil, One is Salem",White Flame,,Whispering Illusion,Ice Cream Served Cold,Posterboys,,Polar Bear,Toxic Tongue,,,,,,,Strict Strategy,Misconduct,Frivolous Youth,Home Schooled,,,,Avalanche,,When Hell Freezes Over,,,,,,,,,,White Death,Space Ice,Cold Dew,Poker Face,Counter Move,Cold As Ice,Cold Colours,,Cold Front,,,Special Order,,,,,,Boarding School Bros,,
Oscar,,Rose Garden,Crop Dusting,Deadly Nightshade,Summer Sun Harvest,Farmer'sLove,Compost King,Buried Deep,Lotus Garden,Coffee Beans,Hen House,Carrot Field,Rice Plantation,Squire,,,,Perfect Weather,Waitrose,Green Thumb,Watering Can,Render Farm,Timely Harvest,Rich Farmers,Spring in Step,Bad Harvest,Harvest,Butcher and Baker,Free Food,Dairy Farm,Opium,Farm Animal,Ticket to Ride,Poisoned Crops,Cattle Prod,Corn makes Whisky,,,Lumberjack,Back to the Future,Reverse Position,Time Crash,Vineyard,Coffee-Colored Eyes,2 Ghosts 1 Boy,Homestead,,Moonshine,Iron Pine,Wintergarten,Undercover Boss,Hi Ho Hi Ho,Lion and the Lamb,Rainy Days,Off Road,Rookie Move,Bronze Eyes,Workhorse,,Castle Doctrine,Crop Circles,Tornado Valley,Pine Needles,Burnt Pine,Cotton Eyed Joe,Over The Rainbow Kid,Farmer's Almanac,Local Story,Harvest Time,Boy's Best Friend,Fresh Produce,Jungle Boy,Bear Necessities,Freckle Friends,Mother Never Known,,Privilege and Poverty,,
Salem,,Blood Magic,Black Ice,Black Cat,Burning Witch,At the Stake,Ragnarok,Pawn Promotion,The Seven Suns,Witch's Brew,The Pale Fox,Magic Rabbit,Oni,Witch Trials,,,,Flying Monkey,Scarlet Witch,,Sea Witch,Cortana,Witching Hour,"One is Evil, One is Salem",Bad Harvest,The End,East and West,,Toil and Trouble,Grimm Silence,Tartarus,Moloch,Witch Hazel,Cult,Witch Doctor,,,,,Dr. Grimm,Witch Hunt,Narration ,Cerberus,Black Coffee,Season of the Witch,Eclipse,Behind Red Eyes,Wicked,Thanatos,Winterhexe,,,,,,,,,,Black Ops,Nebula Gray,Mysterious Winds,Tarot Card,Snuffed Flame,Black Saint and The Sinner Lady,Cat's Paw,Grimoire,Prophet,Grimm Maiden,Beowulf,The Gates of Hell,,,,,,,,
Cinder,,Falling Petals,White Ash,Familiar,Wildfire,Arc Furnace,Explosive,Achilles' Heels,Kasai on'na,Fashionistas,Firefox,Burnt Cloth,Fried Sweet,Pyrolarty,Burning Bush,Hawk,SkyFall,Supernova,Crimson,Paprika,Steampunk,Firewall,Chaos and Order,White Flame,Harvest,East and West,Ashes,Thermometer,Chaos Emerald,Melted,Torchfall,Taurus Fire,Fallen Leaves,Fall Laughter,Electric Fire,Burlesque,Ballroom,Moulin Rouge,Pyramid Scheme,Mulled,BadWitch,Witch Doctor,Dragons,Flash Fire,Autumn,Sunburn,Firebird,Fallen Crow,Forest Fire,Temperature Play,Stock Crash,Step Sisters,Long live the King,Dragon Staff,Blaze Boarder,Burnout,Arrow to the Ni,Fire Saw,Hot Topic,CampFire,Rocket Fuel,Fire Storm,Cauterize,Embers,Cherry Pie,Lava Lamp,Kindling,Conspiracy Theory,Fall Maiden,Andiron,Fire Sale,,,,,Sombra,,,
Mercury,,Quicksilver,Daddy Shoes,Kuros,Disabler,Melted Metal,Silver Hammer,Pole Dancing,Tiptoe through Tulips,Poisioned Chocolate,Disabled,Here's the Kicker,Footsword,,,,,88 Days,Pegleg,Pepper,Silver Surfer,Handicapped,Killing Time,,Butcher and Baker,,Thermometer,Swift Planet,Thief and Butcher,Para-Soles,Hermes,Silver Bull,,Mad Hatter,,,Tango,Persian Defeat,,,Bart Simpson,Speedsters,Pepper Shaker,Poision Coffee,,,,Silver Feathers,Robocop,Absolute Zero,,,Ginjishi,,,,,,,Gunmetal,Space Silver,Dew Under Foot,Silver Blades,Hot Step,Ain't that a Kick in the head,Dance Dance Revolution,False Advertising,Crime Spot,,,Face-Off,Mercury Cougar,,,,,,,
Emerald,,Gemstone,Family Jewels,Cat Burgler,Heat and Hallucinations,Topaz,Lightning Thief,Emerald Eyes,Green Blossom,Mint Chocolate,Kitsune,Jade Rabbit,Green Beans,,,,,Thieves' Company,Ropes and Chains,Seasoned Thief,Pearls of Love,Stolen Tech,Stolen Time,Whispering Illusion,Free Food,Toil and Trouble,Chaos Emerald,Thief and Butcher,Chaos,Spumoni,Sticky Fingers,,,Schizophrenia,,Chartreuse,,,,A Grimm Illusion,,Emerald City,Gemboaree,Sonic,,,,Green Fairy,Emerwood,Chrome Tourmaline,,,Jade Lion,,,,,,,Canopy,Astral Project,Green With Envy,Stolen Daggers,Hot Hands,Hidden Jewels,Rainbow Connection,Third Crusade,False Reports,,,Sugar Daddy,,,,,Reaping,,,
Neopolitan,,Strawberry Shortcake,Weiss cream,Calico,Baked Alaska,Silent Knight,Ice Cream Pancakes,Cherry Jubilee,Shaved Ice,Chocolate Sundae,Orange Sorbert,Icecream Cake,Sprinkles,Headaches and Torment,,Caramel,Silence,Banana Split,Cherry Vanilla,Lime Sherbert,Sea Salt Ice Cream,Cream Machine,Always On Time,Ice Cream Served Cold,Dairy Farm,Grimm Silence,Melted,Para-Soles,Spumoni,Double Scoop,Romeo,Neo-politcs,Hazel Nut Ice Cream,Psycho Killers,Electric Chair,Junior Cone,Vanilla Ice,Raspberry Fudge,Mini Bosses,All Mad Here,Whipped Cream,Mint Chip,Milkstache,Mint Ice Cream,Summer Supreme,Sundae Schools,Bloody Sundae,Rum & Raisins,Scoop,Snowcone,Luxury Toppings,Seven Flavors,,Paddle Pop,Moose Tracks,On Ice,,,,Reflective Sights,Cosmic Cone,Triple Swirl,Silent Daggers,Hot and Cold,Careless Whisper,Rainbow Sherbet,Silent Reading,Closed Captioning,Forever Silent,Unspeakables,Ice Cream Parlour,Kalico,,Over the Rainbow,,,,,
Roman,,Rosewick,From Dust Til Dawn,Cat in the Hat,Roman Candle,Smooth Criminal,Candy Cane,300,Ramen,Ferrero Rocher,Fantastic Mr Fox,Hat Trick,Ronin,,,,,Monkey Business,Blood Orange,Ginger,Acheron,Red Head Redemption,Crime Time,Posterboys,Opium,Tartarus,Torchfall,Hermes,Sticky Fingers,Romeo,When in Rome,Business Venture,,Clockwork Violet,Fuse,Magic Mike,,,Narcissism,Rossese,UnRoyal,Clockwork Orange,Illegal Shipping,500 Hats,,Best Dads,Cuckoo,Magpie,Torchwood,Agent Orange,Money Laundering,Greed,Circus Act,,,,Romani,,,Stick Up,Solar Flare,Morning Theft,Cigar Trimmer,Burning Candle,Sinatra,Bringing Sexy Back,Reading Problem,Front Page News,Tomb Raider,Bloodhound,Dust Sale,,Cat Burglar ,,,,,,
Adam,,Red Bull,Albino Bull,Tauradonna,Raging Bull,Matador,Rodeo,Minotaur,Bull in a China Shop,Chocolate Milk,One Hit KO,Horned Hare,Bulldozer,Gaston,,,,The Sun Also Rises,Scarlet Bull,Annatto,Minos,Mechanical Bull,Chaos Control,,Farm Animal,Moloch,Taurus Fire,Silver Bull,,Neo-politcs,Business Venture,Gives you Wings,,Taxidermy,,Blood Bull,,,Chain of Command,,Bull Whip,Tauroctony,FREE EDGAR,Taurine,,,Ronin,Stag Party,Iron Bull,Battering Ram,,,The Lion and the Bull,,,,,,,Bulls Eye,Taurus,Twister Strike,Masked Assailant,Fire Blades,Bull Horn,Party Animal,Animal Farm,Most Wanted,Fall Moon,Bulldog,China Shop,,,,,Genji,,,
Hazel,,Novice,Cold Exterior,Bearcat,Too Hot,Hazelnuts,Koalah,Callisto ,Panda,Cokoalah,Red Panda,Cute and Cuddley,DA BIG GUYS,,,,,,,,,Tilt,Stopped Clock,Polar Bear,Ticket to Ride,Witch Hazel,Fallen Leaves,,,Hazel Nut Ice Cream,,,The Tree,Nutty,Electrical Wire Nuts,,,,,,,,,,,Popcorn,,Frangelico,,Haselnuss,,,,,,,,,,,Hercules,Bear-be-Gone,Mere Trinkets,Minor Singes,Cerilene,,,Break in the Story,,,Smashed Prices,,Grizzly,,,,,,
Tyrian,,Toxic Petals,Icy Smile,Skin the Cat,Eye for an Arm,Burning the World,Shock Therapy,Orion,Lily of the Valley,Cuckoo for Coco,Scarred,March Hare,Yokai,,,,,Monkey Madness,Scurvy,Crazy Hermit,Poison The Waterhole,Death Metal,Poison Hour,Toxic Tongue,Poisoned Crops,Cult,Fall Laughter,Mad Hatter,Schizophrenia,Psycho Killers,Clockwork Violet,Taxidermy,Nutty,Lannister,Nuts and Volts,Club Craziness,Dance floor Mayhem,Quad Claw,Saw and Claw,Fringe Science,"Not Mad, Furious",Fractured Mind,Fractured Fables,Speed Demon,Summer Thorns,Forever Wounded,Quote the Raven,Alcohol Poisoning,War Crimes,Killer Frost,Violent  Retaliation,Golem and  Smeagol,Poison Dart,Watch Your Back,Scorpion,,War Claws,Buzz Kills,Paralysis,,Scorpio,Round the Twist,Full of Danger,Burn and Sting,Fork & Ceramic Plate,Tac Nyan,King Fanclub,Madhouse Exclusive,,Rabies,Crack Dealer,,,,,Junkrat,,,
Dr Watts,,Red Light,Tesla,Vet,Ion Bomb,Electric Angel,1.21 Gigawatts,EMP,Calm and Cunning,Fully Automatic,Escaped Experiment,AC-DC,,,,,Lightning,,Great British Bake Off,,,Electromechanical,Atomic Clock,,Cattle Prod,Witch Doctor,Electric Fire,,,Electric Chair,Fuse,,Electrical Wire Nuts,Nuts and Volts,Voltage,,,,,,,,Moustache Mountain,Doctor Doctor,,,,Livewire,,Elektrizität,Upper Class,,,,,,,,,Stun Gun,Houston,Artifical Twister,Witholding Cards,Electric Heater,Electric Boogaloo,Neon Lights,Weapon X,Thunderstorm Warning,,,Smart Business,,,,,,,,
Junior,,Pedobear,Polar Bear,Fur Coat,Call me SIR,Honey,Ursinine,Red Panda,Qinling,Chocolate Bear,Jaegerbomb,Club Hopping,Big Boys,Banned from the Bar,,,,Sun Bears,Red Rum,Spiced Rum,Pruinosus,Techno Music,Closing Hour,,Corn makes Whisky,,Burlesque,,Chartreuse,Junior Cone,Magic Mike,Blood Bull,,Club Craziness,,Just Right,,,,,,,Team Same Voice,Bailey's,,,Missing Person,Bearly Sober,General Manager,Icebomb,,,,,,,,,,,Underworld Star,Rocket Wind,Card PLayer,Burnt Twice,Houseband,Rainbow Sangria,,Lavendou ,,,Unwanted Business,,,,,,,,
Melanie,,Version 2,What once was,Starry Night,Kickboxing,Foot Soldier,Electric Slide,Nikee,Lotus Kick,Hell in Heels,Opening Kicks,Copied Chorography,Getas,,,,,,,Salt,,String Cutter,Out of Time,,,,Ballroom,Tango,,Vanilla Ice,,,,Dance floor Mayhem,,,Two Left Feet,Hitachiin Twins,,,,,,,,,,Left Leg,,,,,,,,,,,,,Gemini 1,,,,,Dance Floor,,Kicker of a Story,,,Sharp Stew,,,,,,,,
Miltiades,,Prototype,Chisle,Cat Claws,Boxing,Curved Claws,Electric Avenue,Marathon,Kung Fu,Fashion Ties,Scratch Marks,Bunny Claws,TEKKO-KAGI,,,,,,,Curry Powder,,,Pointed Hands,,,,Moulin Rouge,Persian Defeat,,Raspberry Fudge,,,,Quad Claw,,,Hitachiin Twins,Ambidextrious,,,,,,,,,,Right Arm,,,,,,,,,,,,,Gemini 2,,,,,Clap to the Beat,,Slashed Ratings,,,Double The Price,,,,,,,,
White Fang LT,,Pruning,Ice Sculpting,Replacement,Chainsaw Smoker,Cutting Close,Massacre,Super Soldier,Feng Shui,Groin Shot,Animal Instincts,Rabbit Season,Masturbation,,,,,,,,,Battle Ready,,,Lumberjack,,Pyramid Scheme,,,Mini Bosses,Narcissism,Chain of Command,,Saw and Claw,,,,,Bane,,,,,,,,,Second Drink of the Night,,Shaved Ice,,,,,,,,,,,StarKiller,Bunker Down,Daggers & Saws,Massacre,,,,Unnamed Source,,,Deals to Kill For,,,,,,,,
Dr Merlot,,Gamay,Chenin Blanc,Zinfandel,Sunspot,Electrolysis,Frankenstein,Invincible,In Balance,Artifical Fashion,Wounds of the Past,Photographic Memory,Kajiu,,,,,,,,,Ultron,Watching Every Move,,Back to the Future,Dr. Grimm,Mulled,,A Grimm Illusion,All Mad Here,Rossese,,,Fringe Science,,,,,,Moreau,,Old Chum,,Speed by Time,,,,White Merlot,,,Grimm Investors,,,,,,,,,,Blood Moon,Twisted Experiments,Extract Needles,Burning Sensation,,,,Science Consultant,,,Igor,,,,,,,,
Glynda,,Hoodwitch,White Witch,Black Magic,Burn the Witch,Transcripts,Of Might and Magic,Extracurriclar Activities,Fairy Tale,Rebel without a Cause,Braille Teacher,Whipped Scarlet,Nimble Giant,Disciplinary Action,,,,Detention,Tinkerbell,Lavender,Seabiscuit,Technology is Magic,Late for Class,Strict Strategy,Reverse Position,Witch Hunt,BadWitch,Bart Simpson,,Whipped Cream,UnRoyal,Bull Whip,,"Not Mad, Furious",,,,,,,Too good,OzGlyn,,Whiplash,,Hot for Teacher,Familiar,Crop Harvesting,GoodWood,Cold Lessons,,,,,Fellow Kids,,,,,School Shooter,Cassiopeia,Spear Headed,Strict Instructor,Flying Fire,,Never miss a Beat,,School Scoop,,Toto,Whipped Noodles,,,,,,,,
Ozpin,,Simple Souls,Frozen in Time,Teacher's Pet,Hot Coffee,Wasted Energy,Butterscotch,Star Student,Grand Lotus,Decaf,Scarred Student,Grey Hares,Great Protector,Detentionare,Public Service,Duster Clapper,Gets the Cane,Silver and Gold,Long John Silver,Elderflower,Old Man and the Sea,A Heart,Clockmaster,Misconduct,Time Crash,Narration ,Witch Doctor,Speedsters,Emerald City,Mint Chip,Clockwork Orange,Tauroctony,,Fractured Mind,,,,,,Old Chum,OzGlyn,The Wizards of OZ,Two Old Men,Double Shot,Legends Scatter,,,Time Flies,Metal Gear,Frozen In Time,,,,,,,,,,Ze Dong of Time,Galileo,Not In Kansas,Knife-Sharp Mind,Burning Knowledge,Tick-Tock,Somewhere over the rainbow,,Old News,Prized Possession ,WatchDog,Around the Clock,,,,,,,,
Port,,Professor Poop,Fame and Fortune,Whiskers,Moustache Ride,A Gentleman's Wager,Spitting Maul,Naval Army,Huangjiu,Old Navy,Big Game Hunting,Peter Cottontail,Hard Hitters,,,,,Stowaway,Blackstache,Old Tales,Leviathan,USB Port,Tales as old as Time,Frivolous Youth,Vineyard,Cerberus,Dragons,Pepper Shaker,Gemboaree,Milkstache,Illegal Shipping,FREE EDGAR,,Fractured Fables,Moustache Mountain,Team Same Voice,,,,,,Two Old Men,Harbor Frieght,What's This?,,,,Drunken Sailor,Iron fleet ,Winter und der wolf,Moustache Daddies,Chubby,,,,,,,,,Astral Stache,Full of Hot Wind,Shaving Blades,Blunderbuss Backfire,Sea Shanty,,,Long Story,,,Bar Tales,,,,,,,,"Brother, Pour the Wine"
Oobleck,,Cream & 5 Sugars,Iced Coffee,Green Tea,Steaming Espresso,Extra credit,Hyperactive,Victory Rush,Flower Tea,Double Espresso,Quick Brown Fox,Energizer,Knuckles,Tin Can,,,,Asian Latte,Red Bean,Spiced Coffee,Wave Runner,Javascript,Working Overtime,Home Schooled,Coffee-Colored Eyes,Black Coffee,Flash Fire,Poision Coffee,Sonic,Mint Ice Cream,500 Hats,Taurine,,Speed Demon,Doctor Doctor,Bailey's,,,,Speed by Time,Whiplash,Double Shot,What's This?,Need for Speed,Scatterbrain,Light Roast,,Bird Watching,Rapid Assault,Overnight Frost,Frozen Latte,Doc,,,,,,,,,Space Goo,Wind Tossed Hair,Sharp Taste Hair,Double Flames,,HyperActive,History,News Ticker,,Zwoobleck,Everything Must Go,,,,,,,,
Summer,,Bloody Roses,Melting Ice,Summer Night,July,Momma's Boy,Thorsday,Greek Summer,Warm Forest,Citrus Berry Passion,Ghost Fox,Family Photos,Suzaku,,,,Summer Sky,Summer Sun,,,Beach Day,My Daughter's Friend,Summertime,,2 Ghosts 1 Boy,Season of the Witch,Autumn,,,Summer Supreme,,,,Summer Thorns,,,,,,,,Legends Scatter,,Scatterbrain,Vacation,Summer Lovin',Black Rose,Flown North,Cookies for Soldiers,Seasons,,,,,,,,,Alpenrose,,Space Camp,Summer Dew,Ghost Ballet,Heatwave,Dirge,Beat with some Heat,,Beach Report,Changing Seasons,,Summer Sale,,,,,,,,
Taiyang,,Daddy's Little Girl,Ruby's Leader,Yellow Jacket,Twin Suns,Lost Lovers,Hopeless Romantics,Autumn Sunset,Photosynthesis,Coco Pops,Betrayed Past,Warren Elder,,,,,,Dual Sun,,,,Solar Powered,Bonding Time,,Homestead,Eclipse,Sunburn,,,Sundae Schools,Best Dads,,Popcorn,Forever Wounded,,,,,,,Hot for Teacher,,,Light Roast,Summer Lovin',Lemon,Elder Bird,Fireball,Taiger Woods,Daddy Issues,,,,,,,,,,,Astral Dragon,Homestead Dew,Practice Makes Perfect,Inner Flame,Willie Smith,,,Heat Warning,Mega Aerodactyl,ZweiYang,Tai Food,,,Tai-Dye,,,,,
Raven,,Flying Petals,Cold Exterior,Nevermore,Xiaodipus,Knight Flight,Raven Song,Fallen Grace,Lueduo,Birds and Beans,Blind Ambition,Portal Jumpers,Protector of our People,,,,,Icarus,,,Albatross,Robot Chicken,No Time To Spare,,,Behind Red Eyes,Firebird,,,Bloody Sundae,Cuckoo,Ronin,,Quote the Raven,,Missing Person,,,,,Familiar,,,,Black Rose,Elder Bird,Telltale Heart,Feathers,Warbird,Kenjutsu ,Bad Parenting,,,,,,,,,,Black Hole,Swirling Portal,Dressed to Kill,Burning Eyes,Songbird,Ravin',,Off The Records,,,Cigarette Store,Trico,,,,,,,
Qrow,,Harvest Moon,Scotch on the Rocks,Night Cap,Phoenix,Jaundice,Hammered,Ambrosia,Paper Cranes,Irish Coffee,Fox River,Fizzy Bunny,Soju,Pick Your Poison,,,,Drunken Monkey,Calico Jack,Hookah Bar,Seagulls,Sucking Pennies,Happy Hour,Avalanche,Moonshine,Wicked,Fallen Crow,Silver Feathers,Green Fairy,Rum & Raisins,Magpie,Stag Party,Frangelico,Alcohol Poisoning,Livewire,Bearly Sober,Left Leg,Right Arm,Second Drink of the Night,White Merlot,Crop Harvesting,Time Flies,Drunken Sailor,Bird Watching,Flown North,Fireball,Feathers,Murder,Wood Pecker,Snowbird,Bar Fight,The Eaker,,,,,,,,Duck Hunt,Space Brew,Twisted Bitters,Sharp Shots,Fire Whisky,Freebird,Rainbow Vomit,Drunken Bookclub,Wine and Cheap Perfume,Scareqrow,Hair of the Dog,Liquor License,Qali,Grumpy Cat,Qrowmeleon,Drinking to Forget,SAKE,Free Food and Drink,Drink the Kool-Aid,
Ironwood,,Redwoods,Snow Patrol,Darkwood,Firepoker,Tin Armor,Lightning Rod,Magnitiude,Steel Samurai,Cocobolo,Grey Fox,Buns of Steel,Hulkbuster,Peer Pressure,Russled Jimmies,War and Peace,Air Support,Monkey Wrench,Mutiny,Mastic,Driftwood,Metalheads,Military Time,,Iron Pine,Thanatos,Forest Fire,Robocop,Emerwood,Scoop,Torchwood,Iron Bull,,War Crimes,,General Manager,,,,,GoodWood,Metal Gear,Iron fleet ,Rapid Assault,Cookies for Soldiers,Taiger Woods,Warbird,Wood Pecker,Heartless,Winter Soldier,Dust Daddies,,,,,,,,,Top Brass,Commander Keyes,Tornado Proof,Body Armour,Heated Debate,Taps,Mistakes on Leave,Wolverine,War Correspondent ,,Dogs of War,Military Surplus,,,,,,,,
Winter,,Frozen Rose,Special Snowflakes,Snow Leopard,Nuclear Winter,Winter Knight,Nords,Fatal Attraction,Dongzhi Festival,Frappuccino,Arctic Fox,Snow Bunny,Mount Everest,Kardinal,Drossel,Taube,Himmel,Song of Sun and Ice,It's a Pirate's life for Schnee,Ice Spice,Frozen Ocean,Pfennig,Global Freeze,When Hell Freezes Over,Wintergarten,Winterhexe,Temperature Play,Absolute Zero,Chrome Tourmaline,Snowcone,Agent Orange,Battering Ram,Haselnuss,Killer Frost,Elektrizität,Icebomb,,,Shaved Ice,,Cold Lessons,Frozen In Time,Winter und der wolf,Overnight Frost,Seasons,Daddy Issues,Kenjutsu ,Snowbird,Winter Soldier,Tundra,,,,,,,,,,Precision Shot,Northern Lights,Northern Winds,Precise Strikes,Elemental Duel,Classical,Wynter Social,,Winter Advisary,Season's Greeting,Winter Coat,Diamond Store,,,,,,,,
Jacques,,Royal Rose,Cut Off,Slave Labour,Global Warming,Weiss's Nightmare,Ymir,Power Couple,Prince and Pauper,Fashion Line,Blind Profit,All Flash,Paid Security,,,,,,,,,Small Changed,Time Schedule,,Undercover Boss,,Stock Crash,,,Luxury Toppings,Money Laundering,,,Violent  Retaliation,Upper Class,,,,,Grimm Investors,,,Moustache Daddies,Frozen Latte,,,Bad Parenting,Bar Fight,Dust Daddies,,Chief of Operations,Yes Mr. Schnee,,,Board Sponsor,,,,,,Space Project,Air Dust,Night at the Ballet,Sword Supplier,,,,Sponsor Ship,Financial Protection,Top Dog,Bossman,,"Good Dad, Bad Dad",,,,,,
Klein,,Dopey,Happy,Bashful,Grumpy,Sneezy,Sleepy,Twisted Ankle,Calm Down,Hot Drink Service,The Lorax,Woodlanders,Heiress Helper,,,,,7 Dwarven Transformations,,,,No Strings on Me,Always on the Clock,,Hi Ho Hi Ho,,Step Sisters,,,Seven Flavors,Greed,,,Golem and  Smeagol,,,,,,,,,Chubby,Doc,,,,The Eaker,,,Yes Mr. Schnee,Seven Dwarfs,,,,,,,,Stealthy,Spacey,Twisty,Stabby,Burny,,,,Mixed Signals,,Twenty Seven,Seven for One,,,Multi-Coloured,,,,,
Arslan,,Simba,Scar,Cat Scratch,Iron Fists,Lionheart,Frejya,Nemean,Mulan,Inner Strength,Jeremy Irons,,,Pride and Prejudice,,,,,,Masala Chai,,Stringmakers,Punching the Clock,,Lion and the Lamb,,Long live the King,Ginjishi,Jade Lion,,Circus Act,The Lion and the Bull,,Poison Dart,,,,,,,,,,,,,,,,,,,Inner Self,,,Leonotis,Bronze Lion,,,Stopping Power,Leo,Roar of the Wind,Dagger Gals,Fire Fist,,,Lion's Tale,Roped in Report,,,Lion Serving,,,,,,,,
Bolin,,Crescent Rain,Snowfall,Scratching Post,Double Yellow,Stick in the Mud,Coming Home,Golden Power,Rain Flower,,,,,,,,,,,,,Watch my Backpack,Blue World,,Rainy Days,,Dragon Staff,,,Paddle Pop,,,,Watch Your Back,,,,,,,,,,,,,,,,,,,,Bowlin,,Rainflower,,,PB&J,,Storm in Space,Downpour,Side Bars,Match Stick,,,,Reports of Rain,,,Kebab,,,,,,,,
Reese,,Speed Demons,Snowboarding,Skater Cat,Hot Tricks,Skater Boi,Ride the Lightning,X-Games,Dragon Board,Reese's Puffs,,Demo Tape,,,,,Skater's Peace,,,Skatesword,,Reese's Pieces,Speedometer,,Off Road,,Blaze Boarder,,,Moose Tracks,,,,Scorpion,,,,,,,Fellow Kids,,,,,,,,,,Board Sponsor,,,,Cool Boarders!,,,,,360 No-Scope,Hyper Drive,Do the Dew,Cuts and Bruises,Hot Tub,,XX-Games,,Sports Center,,,Skate Shop,,,,,,,,
Nadir,,Valentine's Day,Stuck in Place,Wallflower,Down 'n' Out,Team Bad Luck,Lightning in the Black,Blind Spot,Kuroyuri,,,,,,,,,,,,,Fodder,Flower Hour,,Rookie Move,,Burnout,,,On Ice,,,,,,,,,,,,,,,,,,,,,,,Leonotis,Rainflower,,Rock Bottom,,,,,Nazir,Easily Thrown,Tutu,Hot Pink,,,,Rookie Report,,,First Time Customer,,,,,,,,
Brawnz,,Medals,Schni,Bronze Cat,Hot Cast,Third Place,In Full Swing,Brawnz on Bronze,All That Glitters,,,,,,,,,Brass Monkey,,,,Bronze Bot,Clawing for Time,,Bronze Eyes,,Arrow to the Ni,,,,Romani,,,War Claws,,,,,,,,,,,,,,,,,,,Bronze Lion,,,,Third Place,Bronze Saw,Knee-Jerk,Bronze Spyglass,Astral Nickel,Spinning Claws,Real Cut Up,Smelting Bronze,,,,,,,,,,,,,,,
Roy,,Mustang,Ice Saw,Alphonse,Saw It,Spun Out,Saw off the Legs,Dark Horse,Shuriken,,,,,,,,,,,,,Spinning Blades,Saw the Time,,Workhorse,,Fire Saw,,,,,,,Buzz Kills,,,,,,,,,,,,,,,,,,,,,,,Bronze Saw,Stable,,,Equuleus,Morning Ride,Razor Blade Skirt,Blazing Saws,,,,,,,,,,,,,,,
Nolan,,Mulberry,Cold Shock,The Dark Knight,Marquee Moose,Electric Shock,Charge Up,Power Lines,Grudge Match,Fashion Disaster,,,,,,,,,,,,Portable Charger,Electric Watch,,,,Hot Topic,,,,,,,Paralysis,,,,,,,,,,,Alpenrose,,,,,,,,,PB&J,,,Knee-Jerk,,Famous Prodder,,Noble Gas,Electric Twister,Purple Clad,Fire Poker,,,,,,,,,,,,,,,
May,,Happy Campers,Useless Lesbians,Black Bullet,Firearm,Berthier,Railgun,Gauss,Near and Far,Wardrobe,,Gunbunny,,,,,,,Red Dot,,Super Soaker,Sentry Turret,Clock Tower,White Death,Castle Doctrine,Black Ops,CampFire,Gunmetal,Canopy,Reflective Sights,Stick Up,Bulls Eye,,,Stun Gun,,,,,,School Shooter,Ze Dong of Time,,,,,,Duck Hunt,Top Brass,Precision Shot,,Stealthy,Stopping Power,,360 No-Scope,,Bronze Spyglass,,,Fucking Campers,Long Shots,Wind Speed,Steel Shooters,Smoked Out,FlyntLocked,Glowsights,Silver Bullet,,,,,Kali-Ma,,,,Widowmaker,,,
Nebula,,Red Dwarf,Quasar,Blake Hole,Crash Nebula,Yellow Giant,Bifrost,Constellation,Father's Bow,Milky Way,Star Fox,Lepus,Koto,,,Columba,,Starbirth,Space Pirates,Sumac,Ocean Planet,Space Probe,Star Date,Space Ice,Crop Circles,Nebula Gray,Rocket Fuel,Space Silver,Astral Project,Cosmic Cone,Solar Flare,Taurus,Hercules,Scorpio,Houston,Underworld Star,Gemini 1,Gemini 2,StarKiller,Blood Moon,Cassiopeia,Galileo,Astral Stache,Space Goo,Space Camp,Astral Dragon,Black Hole,Space Brew,Commander Keyes,Northern Lights,Space Project,Spacey,Leo,Storm in Space,Hyper Drive,Nazir,Astral Nickel,Equuleus,Noble Gas,Long Shots,Universe,The Gayl Nebula,Galactic Daggers,Burning Star,Starless,Rainbow Nebula,Astronomy Guide,Space Coverage,Maidens of Space,Canis Major,Out of this world Deals,Lynx,Ursa Major,,,Hanzo,,,
Dew,,Sailor's Warning,Frost,Moist,Petrichor,Dewdrop,Twister,Double Spear,Inner Peace,Swiss Water,,,Mountain Dew,,,,,Spring Morning,Windy Sails,Blown Away,Water Sprout,Wind Turbine,Tornado Season,Cold Dew,Tornado Valley,Mysterious Winds,Fire Storm,Dew Under Foot,Green With Envy,Triple Swirl,Morning Theft,Twister Strike,Bear-be-Gone,Round the Twist,Artifical Twister,Rocket Wind,,,Bunker Down,Twisted Experiments,Spear Headed,Not In Kansas,Full of Hot Wind,Wind Tossed Hair,Summer Dew,Homestead Dew,Swirling Portal,Twisted Bitters,Tornado Proof,Northern Winds,Air Dust,Twisty,Roar of the Wind,Downpour,Do the Dew,Easily Thrown,Spinning Claws,Morning Ride,Electric Twister,Wind Speed,The Gayl Nebula,Dew It,52 Pick Up,Sundowner,Black Tornado,Rainbow Wind,In Case of Tornadoes,Tornado Warning,Masters of Wind,Tornado Dog,Blow Away Prices,,,,,,,,
Gwen,,Metal Petals,ICE Card,Pride and Prejudice and Kitties,Hot Streak,Seven Swords,Aim for the Heart,Perfect Aim,Iron Sharpen Iron,Femme Fatales,Multistrike,Photgwenic,Double Armor,,,,,Monkey Dance,Pirate Ballerina,Knife Rack,Water Ballet,Cutting Loose,Quarter Spin,Poker Face,Pine Needles,Tarot Card,Cauterize,Silver Blades,Stolen Daggers,Silent Daggers,Cigar Trimmer,Masked Assailant,Mere Trinkets,Full of Danger,Witholding Cards,Card PLayer,,,Daggers & Saws,Extract Needles,Strict Instructor,Knife-Sharp Mind,Shaving Blades,Sharp Taste Hair,Ghost Ballet,Practice Makes Perfect,Dressed to Kill,Sharp Shots,Body Armour,Precise Strikes,Night at the Ballet,Stabby,Dagger Gals,Side Bars,Cuts and Bruises,Tutu,Real Cut Up,Razor Blade Skirt,Purple Clad,Steel Shooters,Galactic Daggers,52 Pick Up,Pride and Prejudice,Gwentavia,Ballet Beat,Disco Daggers,Ballet for Dummies,Recital Recording,Leaf Daggers,Dagger Dog,Stock Cards,,,,,,,,
Octavia,,Geek Out,Sword of Fire and Ice,Shadowfire,Controlled Blaze,Bladed Brethren,Raging Fire,Burning Pyre,Fire Flower,Reheated,,Flash Photography,Eruption,,,,,,Scarlet Flame,Incense,Ember Island,Overheated,Burning Time,Counter Move,Burnt Pine,Snuffed Flame,Embers,Hot Step,Hot Hands,Hot and Cold,Burning Candle,Fire Blades,Minor Singes,Burn and Sting,Electric Heater,Burnt Twice,,,Massacre,Burning Sensation,Flying Fire,Burning Knowledge,Blunderbuss Backfire,Double Flames,Heatwave,Inner Flame,Burning Eyes,Fire Whisky,Heated Debate,Elemental Duel,Sword Supplier,Burny,Fire Fist,Match Stick,Hot Tub,Hot Pink,Smelting Bronze,Blazing Saws,Fire Poker,Smoked Out,Burning Star,Sundowner,Gwentavia,JUST BLAZE,Hot Music,Ignited Neon,Hot off the Presses,Hot News,Fire Blast,Desert Dingo,Hot Deals,,,,,Lucio,,,
Flynt Coal,,Red Onion,Cool Jazz,Cool Cat,Clubmix,All That Jazz,Thunderstruck,Raspberry Beret,Kung Fu Fighting,Speakeasy,What does the Fox Say,Jive Bunny,Guqin,Stanley,Simmons,Singer,Spirit in the Sky,Walking on Sunshine,You are a Pirate,,Kind of Blue,Chiptune,Metronome,Cold As Ice,Cotton Eyed Joe,Black Saint and The Sinner Lady,Cherry Pie,Ain't that a Kick in the head,Hidden Jewels,Careless Whisper,Sinatra,Bull Horn,Cerilene,Fork & Ceramic Plate,Electric Boogaloo,Houseband,,,,,,Tick-Tock,Sea Shanty,,Dirge,Willie Smith,Songbird,Freebird,Taps,Classical,,,,,,,,,,FlyntLocked,Starless,Black Tornado,Ballet Beat,Hot Music,Get Funky,Disco Remix,Elegy,MTV,,,Record Store,,,,,Drop The Beat,,,
Neon Katt,,Rainbow Rose,Snow Bright,Nyan Cat,Nyang Cat,Rainbow Arc,Valkyries,Battle Cat,Tokio Funka,Tie Dye,Cats and Dogs,Rainbow Rabbit,Nekote,Ate the Cardinal,,,,Rainbow Monkeys,LSD,Kattnip,Gotta Go Fast,Dubstep,Party Time,Cold Colours,Over The Rainbow Kid,Cat's Paw,Lava Lamp,Dance Dance Revolution,Rainbow Connection,Rainbow Sherbet,Bringing Sexy Back,Party Animal,,Tac Nyan,Neon Lights,Rainbow Sangria,Dance Floor,Clap to the Beat,,,Never miss a Beat,Somewhere over the rainbow,,HyperActive,Beat with some Heat,,Ravin',Rainbow Vomit,Mistakes on Leave,Wynter Social,,,,,XX-Games,,,,,Glowsights,Rainbow Nebula,Rainbow Wind,Disco Daggers,Ignited Neon,Disco Remix,Double Rainbow,,Dancing With The Stars,,Chasing Rainbows,Party City,,,Taste The Rainbow,,,,,
Tukson,,Speed Reading,Blank Page,Book Club,Burning Books,Comic Club,Skald,Scripture,Book Club,Maxim,Audiobook,Velveteen Rabbit,Act of War,,,,,,,,Dead Sea,Database,Once upon a Time,,Farmer's Almanac,Grimoire,Kindling,False Advertising,Third Crusade,Silent Reading,Reading Problem,Animal Farm,,King Fanclub,Weapon X,,,,,,,,,History,,,,Drunken Bookclub,Wolverine,,,,Lion's Tale,,,,,,,Silver Bullet,Astronomy Guide,In Case of Tornadoes,Ballet for Dummies,Hot off the Presses,Elegy,,Pumas,Stop the Presses,Happily Never After,Old Yeller,Competitive Prices,,,,,,,,
Lisa Lavender,,AG Report,Blizzard Watch,Fluff Reporting ,Breaking News,Sob Story,Storm Warning,Ceral Commercial,Cooking Channel,Coffee Break,Fox News,Screen Shot,Eastern Correspondence,Spotlight on Bullying,,,,Sunny Forecast,Pirated Broadcast,,Flood Warning,Digital Media,Evening News,Cold Front,Local Story,Prophet,Conspiracy Theory,Crime Spot,False Reports,Closed Captioning,Front Page News,Most Wanted,Break in the Story,Madhouse Exclusive,Thunderstorm Warning,Lavendou ,Kicker of a Story,Slashed Ratings,Unnamed Source,Science Consultant,School Scoop,Old News,Long Story,News Ticker,Beach Report,Heat Warning,Off The Records,Wine and Cheap Perfume,War Correspondent ,Winter Advisary,Sponsor Ship,Mixed Signals,Roped in Report,Reports of Rain,Sports Center,Rookie Report,,,,,Space Coverage,Tornado Warning,Recital Recording,Hot News,MTV,Dancing With The Stars,Stop the Presses,Headline,,Puppy Bowl,Commercial Break,,,,,,,,
Amber,,Imperial Topaz,Cryotubes,Black Flame,Bottled Rage,Heartache,Amber Syrup,Last Resort,Airbender,Twix,,Caramel Bunny,,,,,,,,,,Among the Fallen,Golden Hour,,Harvest Time,Grimm Maiden,Fall Maiden,,,Forever Silent,Tomb Raider,Fall Moon,,,,,,,,,,Prized Possession ,,,Changing Seasons,Mega Aerodactyl,,Scareqrow,,Season's Greeting,Financial Protection,,,,,,,,,,Maidens of Space,Masters of Wind,Leaf Daggers,Fire Blast,,,Happily Never After,,Coma,Wake Up Kisses,Fall Clearence,,,,,,,,
Zwei,,Red Rocket,Balto,Unrequited Love,Hot Dog,Underdog,Fenrir,War Dog,Foo Dog,Fashion Animal,Fox and the Hound,Predator and Prey,,Chewtoy,,Bird Dog,Duckhunt,Animal Attraction,Bloody Bark,Zweihandr,Sea Dog,Bladewolf,Daily Walk,,Boy's Best Friend,Beowulf,Andiron,,,Unspeakables,Bloodhound,Bulldog,,Rabies,,,,,,,Toto,WatchDog,,Zwoobleck,,ZweiYang,,Hair of the Dog,Dogs of War,Winter Coat,Top Dog,Twenty Seven,,,,,,,,,Canis Major,Tornado Dog,Dagger Dog,Desert Dingo,,Chasing Rainbows,Old Yeller,Puppy Bowl,Wake Up Kisses,Doggy Style,Pet Shop,,,,,,,,
Shopkeeper,,My Hero,Card Declined,Fishy Noodles,Spicy Noodles,Customer Service,Banned from Buffet,Good Samaritan,Kung Pow Chicken,Favourite Customer,Fur Trading,Off the Menu,Sumo Size,Banned Customer,,,,Customer Security,Grape Sale,My Cabbages,Roadside Affair,Auto-Mechanic,24/7,Special Order,Fresh Produce,The Gates of Hell,Fire Sale,Face-Off,Sugar Daddy,Ice Cream Parlour,Dust Sale,China Shop,Smashed Prices,Crack Dealer,Smart Business,Unwanted Business,Sharp Stew,Double The Price,Deals to Kill For,Igor,Whipped Noodles,Around the Clock,Bar Tales,Everything Must Go,Summer Sale,Tai Food,Cigarette Store,Liquor License,Military Surplus,Diamond Store,Bossman,Seven for One,Lion Serving,Kebab,Skate Shop,First Time Customer,,,,,Out of this world Deals,Blow Away Prices,Stock Cards,Hot Deals,Record Store,Party City,Competitive Prices,Commercial Break,Fall Clearence,Pet Shop,Salesman,,,,,,,,
Kali,,Blackrose,Snow Leopard,Kitty Litter,Tabby Cat,Faune Arc,Cat Video,Pyrrfect,Chinese Food,,,,,,,,,Sunny Kalifornia,,,Kalimari,,,,Jungle Boy,,,Mercury Cougar,,Kalico,,,,,,,,,,,,,,,,,Trico,Qali,,,,,,,,,,,,Kali-Ma,Lynx,,,,,,,,,,,A Cat is fine Too,Faunus Pride,,,,,,
Ghira,,Mowgli ,Polar Bear,Kitten's Cream,Smokey Bear,Mowgli,Jaga,Furrocious,Tea Totallers,,,,,,,,,,,,,,,,Bear Necessities,,,,,,Cat Burglar ,,Grizzly,,,,,,,,,,,,,,,Grumpy Cat,,,"Good Dad, Bad Dad",,,,,,,,,,Ursa Major,,,,,,,,,,,Faunus Pride,Bara,,,,,,
Ilia ,,Chasing Rainbows,No Suns Allowed,Changing Colors,Hot Colors,Fifty Shades of Yellow,Rainbows and Pancakes,Trojan Lizard,Chamelren,,,Technicolor,,,,,,,,,,,,Freckle Friends,,,,,,Over the Rainbow,,,,,,,,,,,,,,,,Tai-Dye,,Qrowmeleon,,,,Multi-Coloured,,,,,,,,,,,,,,Taste The Rainbow,,,,,,,,Karma Chameleon,,,,,
An Ren,,Water Rose,Frost Flowers,Black Lotus,Hot Lotus,Narcissus,There goes the Village,Kindred Spirits,Mother Knows Best,,,,,,,,,,,,,,,Mother Never Known,,,,,,,,,,,,,,,,,,,,,,,,Drinking to Forget,,,,,,,,,,,,,,,,,,,,,,,,,,,Fallen Lotus,Ana,,,
Li Ren,,Tracer,Meinzo,Doing Nothing,Doomfist,Reinhart,Savior Complex,Line of Duty,Live Up To The Name,Bastion,,,,,,,,Winston,,,,Zenyatta,It's High Noon,,,,Sombra,,Reaping,,,Genji,,Junkrat,,,,,,,,,,,,,,SAKE,,,,,,,,,,,,Widowmaker,Hanzo,,,,Drop The Beat,Lucio,,,,,,,,,Ana,Ryuu ga,,,
Henry Marigold,,Water Rose,Arctic Waters,Black Gold,Scald,New Gold,Rheingold,Died for Nothing,Renry,Designer Style,The Fox and The Idiot,,,,,,,,,,(Almost) Mirror Images,,,Boarding School Bros,Privilege and Poverty,,,,,,,,,,,,,,,,,,,,,,,Free Food and Drink,,,,,,,,,,,,,,,,,,,,,,,,,,,,,Cheap Knockoff,,
Corsac Albain,,Red Fox,White Fox,Cat Fox,Burned Foxy,Faithful Companion,Cute Ears,Listen To Your Heart,Year of the Fox,,Double Fox,Fox and the Hare,,,,,,,,,,,,,,,,,,,,,,,,,,,,,,,,,,,,Drink the Kool-Aid,,,,,,,,,,,,,,,,,,,,,,,,,,,,,,Sack of Foxes,Brother of Mine
Fennec Albain,,Small Fox,Exotic Pet,Night Fox,Nightmare Foxy,Runt of the Litter,Cute Tail,Tail End of Life,Huli Jing,,Tall Neck Tie,,,,,,,,,,,,,,,,,,,,,,,,,,,,,,,,"Brother, Pour the Wine",,,,,,,,,,,,,,,,,,,,,,,,,,,,,,,,,,,Brother of Mine,Zereda
